<?xml version="1.0" encoding="UTF-8" standalone="yes"?>
<rest-connector xmlns="http://www.softwareag.com/cloudstreams/metadata/handler/model" id="com.softwareag.kickbox" version="1.0" group="kickbox" name="comsoftwareagkickbox" displayName="com.softwareag.kickbox">
    <connections>
        <connection type="sagcloud" name="SAG_Connection" displayName="SAG_Connection">
            <groups>
                <group type="connection" name="connection" displayName="Connection">
                    <description>Define the required connection configurations to initiate communication with the SaaS provider.</description>
                    <fields>
                        <field isRequired="true" isEncrypted="false" isHidden="false" isArray="false" defaultValue="https://api.kickbox.com/v2" name="cn.providerUrl" displayName="Server URL">
                            <description>The native provider endpoint target for the connection configuration</description>
                        </field>
                    </fields>
                </group>
                <group type="custom" name="custom" displayName="Custom">
                    <description>Define any custom configurations specific to the SaaS provider.</description>
                    <fields>
                        <field type="string" isRequired="true" isEncrypted="false" isHidden="false" isArray="false" modelType="Basic" name="cx.apikey" displayName="ApiKey"/>
                    </fields>
                </group>
            </groups>
        </connection>
    </connections>
    <services>
        <service xmlns:xsi="http://www.w3.org/2001/XMLSchema-instance" xsi:type="RESTServiceType" endpoint="${cn.providerUrl}" name="default_resourcegroup" displayName="Default_ResourceGroup">
            <documentModel packageName="." nsName="com.softwareag.kickbox.default_resourcegroup.doctypes" useInlineModel="true"/>
            <resources>
                <mappings/>
                <resource method="GET" path="/verify" type="SIMPLE" name="getverifyemail" displayName="verifyemail">
                    <mappings>
                        <map context="IN" name="apikey">
                            <source type="IDATA">cx.apikey</source>
                            <target type="PARAMETER">apikey</target>
                        </map>
                    </mappings>
                    <parameters>
                        <parameter name="email" isRequired="true" style="QUERYSTRING_PARAM"/>
                        <parameter name="apikey" isRequired="true" style="QUERYSTRING_PARAM"/>
                    </parameters>
                    <responses>
                        <response name="verifyemailresponse" code="200" messageFormatterType="application/octet+idataoref" builderType="application/json" documentRef="com.softwareag.kickbox.default_resourcegroup.doctypes:verifyemailresponse" excludeRoot="true" dimension="0"/>
                        <response name="errorresponse" code="400" messageFormatterType="application/octet+idataoref" builderType="application/json" documentRef="com.softwareag.kickbox.default_resourcegroup.doctypes:errorresponse" excludeRoot="true" dimension="0"/>
                    </responses>
                </resource>
                <resource method="PUT" path="/verify-batch" type="SIMPLE" name="putverifymultipleemails" displayName="verifymultipleemails">
                    <mappings>
                        <map isRequired="true" context="IN" name="X-Kickbox-Callback">
                            <source type="LITERAL"/>
                            <target type="HEADER">X-Kickbox-Callback</target>
                        </map>
                        <map context="IN" name="apikey">
                            <source type="IDATA">cx.apikey</source>
                            <target type="PARAMETER">apikey</target>
                        </map>
                    </mappings>
                    <parameters>
                        <parameter name="apikey" isRequired="true" style="QUERYSTRING_PARAM"/>
                    </parameters>
                    <request name="stream" messageFormatterType="vnd.sag.cloudstreams+binary" builderType="vnd.sag.cloudstreams+binary" dimension="0"/>
                    <responses>
                        <response name="multipleemailresponse" code="200" messageFormatterType="application/octet+idataoref" builderType="application/json" documentRef="com.softwareag.kickbox.default_resourcegroup.doctypes:multipleemailresponse" excludeRoot="true" dimension="0"/>
                        <response name="errorresponse" code="400" messageFormatterType="application/octet+idataoref" builderType="application/json" documentRef="com.softwareag.kickbox.default_resourcegroup.doctypes:errorresponse" excludeRoot="true" dimension="0"/>
                    </responses>
                </resource>
                <resource method="GET" path="/balance" type="SIMPLE" name="getcreditbalance" displayName="creditbalance">
                    <mappings>
                        <map context="IN" name="apikey">
                            <source type="IDATA">cx.apikey</source>
                            <target type="PARAMETER">apikey</target>
                        </map>
                    </mappings>
                    <parameters>
                        <parameter name="apikey" isRequired="true" style="QUERYSTRING_PARAM"/>
                    </parameters>
                    <responses>
                        <response name="creditbalanceresponse" code="200" messageFormatterType="application/octet+idataoref" builderType="application/json" documentRef="com.softwareag.kickbox.default_resourcegroup.doctypes:creditbalanceresponse" excludeRoot="true" dimension="0"/>
                        <response name="errorresponse" code="400" messageFormatterType="application/octet+idataoref" builderType="application/json" documentRef="com.softwareag.kickbox.default_resourcegroup.doctypes:errorresponse" excludeRoot="true" dimension="0"/>
                    </responses>
                </resource>
                <resource method="GET" path="/verify-batch/{jobid}" type="SIMPLE" name="getcheckjobstatus" displayName="checkjobstatus">
                    <mappings>
                        <map context="IN" name="apikey">
                            <source type="IDATA">cx.apikey</source>
                            <target type="PARAMETER">apikey</target>
                        </map>
                    </mappings>
                    <parameters>
                        <parameter name="jobid" isRequired="true" style="URI_CONTEXT"/>
                        <parameter name="apikey" isRequired="true" style="QUERYSTRING_PARAM"/>
                    </parameters>
                    <responses>
                        <response name="checkjobstatusresponse" code="200" messageFormatterType="application/octet+idataoref" builderType="application/json" documentRef="com.softwareag.kickbox.default_resourcegroup.doctypes:checkjobstatusresponse" excludeRoot="true" dimension="0"/>
                        <response name="errorresponse" code="400" messageFormatterType="application/octet+idataoref" builderType="application/json" documentRef="com.softwareag.kickbox.default_resourcegroup.doctypes:errorresponse" excludeRoot="true" dimension="0"/>
                    </responses>
                </resource>
            </resources>
        </service>
    </services>
</rest-connector>
